﻿sample,fastq_1,fastq_2,strandedness
BCM-0132-107564,00_raw/BCM-0132-107564_R1_001.fastq.gz,00_raw/BCM-0132-107564_R2_001.fastq.gz,auto
BCM-15034-107894,00_raw/BCM-15034-107894_R1_001.fastq.gz,00_raw/BCM-15034-107894_R2_001.fastq.gz,auto
BCM-15034TamR3-107922,00_raw/BCM-15034TamR3-107922_R1_001.fastq.gz,00_raw/BCM-15034TamR3-107922_R2_001.fastq.gz,auto
BCM-15034TamR3-107924,00_raw/BCM-15034TamR3-107924_R1_001.fastq.gz,00_raw/BCM-15034TamR3-107924_R2_001.fastq.gz,auto
BCM-15057-107957,00_raw/BCM-15057-107957_R1_001.fastq.gz,00_raw/BCM-15057-107957_R2_001.fastq.gz,auto
BCM-15057-107968,00_raw/BCM-15057-107968_R1_001.fastq.gz,00_raw/BCM-15057-107968_R2_001.fastq.gz,auto
BCM-15057EI3-107630,00_raw/BCM-15057EI3-107630_R1_001.fastq.gz,00_raw/BCM-15057EI3-107630_R2_001.fastq.gz,auto
BCM-15057EI3-107640,00_raw/BCM-15057EI3-107640_R1_001.fastq.gz,00_raw/BCM-15057EI3-107640_R2_001.fastq.gz,auto
BCM-15057EI4-107877,00_raw/BCM-15057EI4-107877_R1_001.fastq.gz,00_raw/BCM-15057EI4-107877_R2_001.fastq.gz,auto
BCM-2147-107741,00_raw/BCM-2147-107741_R1_001.fastq.gz,00_raw/BCM-2147-107741_R2_001.fastq.gz,auto
BCM-2147-107741-lungmet,00_raw/BCM-2147-107741-lungmet_R1_001.fastq.gz,00_raw/BCM-2147-107741-lungmet_R2_001.fastq.gz,auto
BCM-2147-107744,00_raw/BCM-2147-107744_R1_001.fastq.gz,00_raw/BCM-2147-107744_R2_001.fastq.gz,auto
BCM-2147-107744-lungmet,00_raw/BCM-2147-107744-lungmet_R1_001.fastq.gz,00_raw/BCM-2147-107744-lungmet_R2_001.fastq.gz,auto
BCM-2147-107745,00_raw/BCM-2147-107745_R1_001.fastq.gz,00_raw/BCM-2147-107745_R2_001.fastq.gz,auto
BCM-2147-107745-lungmet,00_raw/BCM-2147-107745-lungmet_R1_001.fastq.gz,00_raw/BCM-2147-107745-lungmet_R2_001.fastq.gz,auto
BCM-2147-107848-livermet,00_raw/BCM-2147-107848-livermet_R1_001.fastq.gz,00_raw/BCM-2147-107848-livermet_R2_001.fastq.gz,auto
BCM-2147CR2-107841,00_raw/BCM-2147CR2-107841_R1_001.fastq.gz,00_raw/BCM-2147CR2-107841_R2_001.fastq.gz,auto
BCM-2147CR2-107842,00_raw/BCM-2147CR2-107842_R1_001.fastq.gz,00_raw/BCM-2147CR2-107842_R2_001.fastq.gz,auto
BCM-2277-107573,00_raw/BCM-2277-107573_R1_001.fastq.gz,00_raw/BCM-2277-107573_R2_001.fastq.gz,auto
BCM-2277-107573-lungmet,00_raw/BCM-2277-107573-lungmet_R1_001.fastq.gz,00_raw/BCM-2277-107573-lungmet_R2_001.fastq.gz,auto
BCM-3887-107696,00_raw/BCM-3887-107696_R1_001.fastq.gz,00_raw/BCM-3887-107696_R2_001.fastq.gz,auto
BCM-5097-107568,00_raw/BCM-5097-107568_R1_001.fastq.gz,00_raw/BCM-5097-107568_R2_001.fastq.gz,auto
BCM-5097-107769-lungmet,00_raw/BCM-5097-107769-lungmet_R1_001.fastq.gz,00_raw/BCM-5097-107769-lungmet_R2_001.fastq.gz,auto
BCM-5097-107822-lungmet,00_raw/BCM-5097-107822-lungmet_R1_001.fastq.gz,00_raw/BCM-5097-107822-lungmet_R2_001.fastq.gz,auto
BCM-5097-107931,00_raw/BCM-5097-107931_R1_001.fastq.gz,00_raw/BCM-5097-107931_R2_001.fastq.gz,auto
HCI-001-107935,00_raw/HCI-001-107935_R1_001.fastq.gz,00_raw/HCI-001-107935_R2_001.fastq.gz,auto
HCI-001CR7-107992,00_raw/HCI-001CR7-107992_R1_001.fastq.gz,00_raw/HCI-001CR7-107992_R2_001.fastq.gz,auto
HCI-001CR7-107993,00_raw/HCI-001CR7-107993_R1_001.fastq.gz,00_raw/HCI-001CR7-107993_R2_001.fastq.gz,auto
HCI-001CR7-107994,00_raw/HCI-001CR7-107994_R1_001.fastq.gz,00_raw/HCI-001CR7-107994_R2_001.fastq.gz,auto
HCI-001CR7-107995,00_raw/HCI-001CR7-107995_R1_001.fastq.gz,00_raw/HCI-001CR7-107995_R2_001.fastq.gz,auto
HCI-011-107898,00_raw/HCI-011-107898_R1_001.fastq.gz,00_raw/HCI-011-107898_R2_001.fastq.gz,auto
HCI-011-107900,00_raw/HCI-011-107900_R1_001.fastq.gz,00_raw/HCI-011-107900_R2_001.fastq.gz,auto
HCI-011-107901,00_raw/HCI-011-107901_R1_001.fastq.gz,00_raw/HCI-011-107901_R2_001.fastq.gz,auto
HCI-013-107763,00_raw/HCI-013-107763_R1_001.fastq.gz,00_raw/HCI-013-107763_R2_001.fastq.gz,auto
HCI-013-107806,00_raw/HCI-013-107806_R1_001.fastq.gz,00_raw/HCI-013-107806_R2_001.fastq.gz,auto
HCI-013-107857,00_raw/HCI-013-107857_R1_001.fastq.gz,00_raw/HCI-013-107857_R2_001.fastq.gz,auto
HCI-013-107858,00_raw/HCI-013-107858_R1_001.fastq.gz,00_raw/HCI-013-107858_R2_001.fastq.gz,auto
HCI-013-107939,00_raw/HCI-013-107939_R1_001.fastq.gz,00_raw/HCI-013-107939_R2_001.fastq.gz,auto
UCD52CR21-107961,00_raw/UCD52CR21-107961_R1_001.fastq.gz,00_raw/UCD52CR21-107961_R2_001.fastq.gz,auto
UCD52CR21-107964,00_raw/UCD52CR21-107964_R1_001.fastq.gz,00_raw/UCD52CR21-107964_R2_001.fastq.gz,auto
UCD52CR21-107966,00_raw/UCD52CR21-107966_R1_001.fastq.gz,00_raw/UCD52CR21-107966_R2_001.fastq.gz,auto
UCD52CR21-107967,00_raw/UCD52CR21-107967_R1_001.fastq.gz,00_raw/UCD52CR21-107967_R2_001.fastq.gz,auto
WHIM30-107947,00_raw/WHIM30-107947_R1_001.fastq.gz,00_raw/WHIM30-107947_R2_001.fastq.gz,auto
WHIM30CR6-107919,00_raw/WHIM30CR6-107919_R1_001.fastq.gz,00_raw/WHIM30CR6-107919_R2_001.fastq.gz,auto
WHIM30CR6-107920,00_raw/WHIM30CR6-107920_R1_001.fastq.gz,00_raw/WHIM30CR6-107920_R2_001.fastq.gz,auto
WHIM30CR7-107949,00_raw/WHIM30CR7-107949_R1_001.fastq.gz,00_raw/WHIM30CR7-107949_R2_001.fastq.gz,auto
WHIM30CR7-107950,00_raw/WHIM30CR7-107950_R1_001.fastq.gz,00_raw/WHIM30CR7-107950_R2_001.fastq.gz,auto
WHIM30CR7-107951,00_raw/WHIM30CR7-107951_R1_001.fastq.gz,00_raw/WHIM30CR7-107951_R2_001.fastq.gz,auto